{"cameraMode":{"drawMode":0,"name":"Shaded","section":"Shading Mode"},"sceneLighting":true,"audioPlay":false,"sceneViewState":{"m_AlwaysRefresh":false,"showFog":true,"showSkybox":true,"showFlares":true,"showImageEffects":true,"showParticleSystems":true,"showVisualEffectGraphs":true,"m_FxEnabled":true},"in2DMode":false,"pivot":{"x":0.09317362308502197,"y":0.5595896244049072,"z":-23.847583770751954},"rotation":{"x":0.0589914545416832,"y":0.6250948309898377,"z":-0.04767405986785889,"w":0.777013897895813},"size":5.046919822692871,"orthographic":false}