{"cameraMode":{"drawMode":0,"name":"Shaded","section":"Shading Mode"},"sceneLighting":false,"audioPlay":false,"sceneViewState":{"m_AlwaysRefresh":false,"showFog":true,"showSkybox":false,"showFlares":true,"showImageEffects":true,"showParticleSystems":true,"showVisualEffectGraphs":true,"m_FxEnabled":true},"in2DMode":false,"pivot":{"x":-0.9395198822021484,"y":-3.4229748249053957,"z":7.075349807739258},"rotation":{"x":0.008918769657611847,"y":0.9840465188026428,"z":-0.17055538296699525,"w":0.05195525661110878},"size":0.5251726508140564,"orthographic":false}